id,name
3223,Robert Downey Jr.
16828,Chris Evans
74568,Chris Hemsworth
103,Mark Ruffalo
1245,Scarlett Johansson
17604,Jeremy Renner
1896,Don Cheadle
22226,Paul Rudd
51329,Bradley Cooper
60073,Brie Larson
543261,Karen Gillan
16851,Josh Brolin
71580,Benedict Cumberbatch
172069,Chadwick Boseman
1136406,Tom Holland
8691,Zoe Saldana
12052,Gwyneth Paltrow
19034,Evangeline Lilly
62561,Tessa Thompson
14343,Rene Russo
550843,Elizabeth Olsen
53650,Anthony Mackie
60898,Sebastian Stan
91606,Tom Hiddleston
82104,Danai Gurira
30082,Benedict Wong
139820,Pom Klementieff
12835,Vin Diesel
543530,Dave Bautista
73457,Chris Pratt
1083010,Letitia Wright
21134,John Slattery
3063,Tilda Swinton
15277,Jon Favreau
39459,Hayley Atwell
524,Natalie Portman
3141,Marisa Tomei
55934,Taika Waititi
9780,Angela Bassett
3392,Michael Douglas
1160,Michelle Pfeiffer
227,William Hurt
71189,Cobie Smulders
51663,Sean Gunn
1447932,Winston Duke
1817,Linda Cardellini
1018947,Maximiliano Hernández
81685,Frank Grillo
9195,Hiroyuki Sanada
29240,Tom Vaughan-Lawlor
19655,James D'Arcy
1649152,Jacob Batalon
4135,Robert Redford
2231,Samuel L. Jackson
2296235,Lexi Rabe
19272,Joe Russo
1379821,Michael James Shaw
236696,Terry Notary
62105,Kerry Condon
111513,Yvette Nicole Brown
208296,Callan Mulvey
83586,Ken Jeong
17181,Ty Simpkins
2298444,Loen LeClair
1468400,Lee Moore
2298443,Bazlo LeClair
2020904,Jackson A. Dunn
102744,Monique Ganderton
555249,Ross Marquand
1028454,Emma Fuhrmann
7624,Stan Lee
1760879,Ben Sakamoto
2267329,Ava Russo
1924769,Cade Woodward
2297907,Lia Russo
1442722,John Michael Morris
1502949,Michael A. Cook
1480044,Brent McGee
1265796,Brian Schaeffer
1713975,Jim Starlin
375719,Jimmy Ray Pickens
1895760,Jack Champion
1004624,Russell Bobbitt
1851154,Hye Jin Jang
1120883,Sam Hargrave
136921,Patrick Gorman
964421,Aaron Lazar
97844,Robert Pralgo
44060,John Posey
1448180,Ameenah Kaplan
2031105,Olaniyan Thurmon
2092976,Mike Lutz
1636738,Katherine Langford
69899,Zachary Levi
2983,Mark Strong
1768966,Asher Angel
1774679,Jack Dylan Grazer
11702,Adam Brody
938,Djimon Hounsou
1726891,Faithe Herman
22122,Meagan Good
54633,Grace Fulton
101028,Michelle Borth
1397359,Ian Chen
1299232,Ross Butler
1940197,Jovan Armand
51976,D.J. Cotrona
1181306,Marta Milans
111698,Cooper Andrews
1639977,Ethan Pugiotto
5589,John Glover
2310745,Landon Doak
2310746,Wayne Ward
948533,Paul Braunstein
1896522,Nadine Roden
1994215,David Kohlsmith
1482440,Caroline Palmer
2009135,Emily Nixon
1857464,Carson MacCormac
1302131,Lotta Losten
1659211,Andi Osho
20755,Natalia Safran
1941314,David J. MacNeil
1669169,Lou Lou Safran
1723918,Ava Preston
1994213,Manuel Rodriguez-Saenz
1739122,Ali Badshah
43284,Simon Northwood
1881104,Lovina Yavari
2284635,Rachel Boyd
1887791,Jim Pagiamtzis
1906145,Raul Torres
1993743,Jhaleil Swaby
2005750,Jackson Reid
2037558,Bryce Arden Poe
2010882,Tosh Robertson
2022034,Pearl Ho
1281629,Cassandra Ebner
2093827,Stephanie Hawkins
2041867,Angelica Lisk-Hann
1021545,Jesse Bond
1639984,Harper Gunn
1883593,Evan Marsh
2093823,Kerri Kamara
2275601,Leon Oliveira Martins
2275602,Nilce Moretto
1302082,David F. Sandberg
2072200,Ryan Handley
2101716,So Okuno
1864577,Atsuhiro Inukai
2065347,Gaku Oshida
1509675,Eiji Akaso
2115306,Keisuke Watanabe
2099590,Shieri Ohata
91873,Katsuhisa Namase
1240339,Kouhei Takeda
1560393,Kensei Mikami
1864579,Kaho Takada
1779568,Nayuta Fukuzaki
224411,Shunsuke Daitô
2157994,Taiyo Saito
237323,Kenichi Takito
1323828,Toshiki Kashû
121800,Takamasa Suga
227624,Masahiro Inoue
1502226,Shun Nishime
230659,Takeru Satoh
90571,Toshihiko Seki
555099,Koji Yusa
219659,Masaki Terasoma
9726,Kenichi Suzumura
58450,Kenjiro Ishimaru
10859,Ryan Reynolds
1029934,Justice Smith
221192,Kathryn Newton
2440,Bill Nighy
3899,Ken Watanabe
62879,Chris Geere
1325961,Suki Waterhouse
174708,Josette Simon
2300244,Alejandro De Mesa
1089873,Rita Ora
1109702,Karan Soni
2251714,Max Fincham
2223752,Simone Ashley
2300262,Edward Davis
1555229,Diplo
1134885,Omar Chaparro
1821232,Ben Fox
1411379,Kadiff Kirwan
1091324,Rob Delaney
62968,Priyanga Burford
73044,Ikue Otani
1502439,Bern Collaço
1691900,Fiona Hardingham
199529,Jordan Long
2106678,Zoë Scott
1655621,Bernardo Santos
2219124,Ruth Horrocks
1785923,Jag Patel
1669675,Abbie Murphy
1744234,Paul Lawrence Kitson
1743363,Sofia Abbasi
1941849,Gurnita Kaur Kahlon
1588173,Daniel Eghan
2251709,Crystal Wingx
2251710,Belal Sabir
2251711,James Galvin
2251712,Charlie Rhea Esquér
2251713,Rebecca Lawson-Turner
1813796,Deborah Rock
1363065,Nick Owenford
2219130,Géraldine Lamarre
1841454,Kevin Matadeen
2251715,Savannah Pages
2085742,Ian Morine
2251716,Georgie Carter
2251717,Alex Klaus
1744117,A.k. Steppa
1812530,Jackson Kai
1927097,Benjamin Coakley
2245765,Joellee Evans
2219133,Daniel Rennis
2251718,Iulia Filipovscaia
2251719,Rishi Gupta
2251720,Preeti Malhotra
196819,Matthew Cox
2251721,Wong Charlie
2251722,Susanne Schraps
2251723,Henrique Rizzo
2076562,Tommy Gorman
2251724,Riley Fusilero
2251725,Jonathan Dodson
1943000,Lana Ish-Muhametova
1744072,Nina Kumar
2251726,Armani La Wong
2219129,Emily Ng
2251727,Baltazar Oliva
1987686,Nicole Reece
1394361,Clem So
2251728,Winson Ting
1942348,Rina Hoshino
1532230,Kotaro Watanabe
1384646,Ryoma Takeuchi
60073,Brie Larson
2231,Samuel L. Jackson
77335,Ben Mendelsohn
9642,Jude Law
516,Annette Bening
938,Djimon Hounsou
72095,Lee Pace
1360281,Lashana Lynch
97576,Gemma Chan
9048,Clark Gregg
76618,Rune Temte
86381,Algenis Perez Soto
1172108,Mckenna Grace
2258733,Akira Akbar
1232599,Matthew Maher
1610710,Chuku Modu
6623,Vik Sahay
74539,Colin Ford
28868,Kenneth Mitchell
1514930,Stephen A. Chang
1163622,Pete Ploszek
2175390,London Fuller
2292715,Azari Akbar
1183671,Mark Daugherty
1288264,Diana Toshiko
2293121,Barry Curtis
2219719,Emily Ozrey
2219716,Abigaille Ozrey
149776,Marilyn Brett
7624,Stan Lee
1038379,Robert Kazinsky
88928,Nelson Franklin
76022,Patrick Brennan
17837,Patrick Gallagher
1077805,Ana Ayora
2292713,Sharon Blynn
583885,Matthew Bellows
1523304,Richard Zeringue
1240417,Duane Henry
16828,Chris Evans
1245,Scarlett Johansson
1896,Don Cheadle
103,Mark Ruffalo
9281,Elizabeth Banks
62562,David Denman
449513,Meredith Hagner
191202,Matt Jones
87165,Jennifer Holland
559457,Steve Agee
1215392,Becky Wahlstrom
1411625,Terence Rosemore
85096,Stephen Blackehart
2020904,Jackson A. Dunn
1832081,Annie Humphrey
2069051,Christian Finlayson
1683095,Emmie Hunter
2026972,Mike Dunston
37937,Gregory Alan Williams
1455812,Elizabeth Becka
3223,Robert Downey Jr.
74568,Chris Hemsworth
16828,Chris Evans
103,Mark Ruffalo
1245,Scarlett Johansson
71580,Benedict Cumberbatch
1136406,Tom Holland
172069,Chadwick Boseman
1896,Don Cheadle
8691,Zoe Saldana
543261,Karen Gillan
550843,Elizabeth Olsen
6162,Paul Bettany
53650,Anthony Mackie
60898,Sebastian Stan
91606,Tom Hiddleston
17605,Idris Elba
82104,Danai Gurira
22970,Peter Dinklage
30082,Benedict Wong
139820,Pom Klementieff
543530,Dave Bautista
12835,Vin Diesel
51329,Bradley Cooper
12052,Gwyneth Paltrow
1121,Benicio del Toro
16851,Josh Brolin
73457,Chris Pratt
51663,Sean Gunn
227,William Hurt
1083010,Letitia Wright
236696,Terry Notary
29240,Tom Vaughan-Lawlor
1308445,Carrie Coon
1379821,Michael James Shaw
7624,Stan Lee
1447932,Winston Duke
139900,Florence Kasumba
62105,Kerry Condon
102744,Monique Ganderton
1649152,Jacob Batalon
211937,Tiffany Espensen
1517836,Isabella Amara
212003,Ethan Dizon
1767250,Ariana Greenblatt
1448180,Ameenah Kaplan
555249,Ross Marquand
1779567,Michael Anthony Rogers
5552,Stephen McFeely
964421,Aaron Lazar
97844,Robert Pralgo
2031105,Olaniyan Thurmon
1003792,Blair Jasin
1480027,Matthew Zuk
2105647,Laura Miller
11181,Kenneth Branagh
2231,Samuel L. Jackson
71189,Cobie Smulders
3896,Liam Neeson
4784,Laura Dern
2202462,Micheál Richardson
67979,Michael Eklund
98661,Bradley Stryker
1417044,Wesley MacInnes
1364004,Tom Bateman
78797,Tom Jackson
4730,Emmy Rossum
17941,Domenick Lombardozzi
87310,Julia Jones
4735,John Doman
4520,William Forsythe
77865,Benjamin Hollingsworth
1328755,Jim Shield
107810,Aleks Paunovic
1233165,Glenn Ennis
1563416,Chris Cook
74361,Venus Terzo
1444307,Dani Alvarado
63566,Michael Adamthwaite
43297,Elizabeth Thai
2482,David O'Hara
1560344,Gus Halper
90720,Elysia Rotaru
1148696,Kyle Nobess
1442051,Victor Zinck Jr.
17688,Raoul Max Trujillo
60722,Nathaniel Arcand
146174,Glen Gould
946293,Christopher Logan
158498,Bart Anderson
1457244,Gary Sekhon
87575,Arnold Pinnock
72099,Ben Cotton
1516211,Emily Maddison
157790,Glenn Wrage
208146,Michael Bean
1756897,Ben Sullivan
1233167,Travis MacDonald
105865,Loretta Walsh
63564,Nels Lennarson
1368790,Max Montesi
1532674,Peter Strand Rumpel
1237281,Nick Holmes
1241939,Wasabi Mizuta
932986,Megumi Oohara
9715,Yumi Kakazu
1142780,Subaru Kimura
90567,Tomokazu Seki
40450,Yo Oizumi
35029,David Harbour
63,Milla Jovovich
6972,Ian McShane
18307,Daniel Dae Kim
1535218,Sasha Lane
1146114,Penelope Mitchell
63364,Brian Gleeson
2598,Sophie Okonedo
56100,Alistair Petrie
19159,Thomas Haden Church
21321,Kristina Klebe
75331,Ashley Edner
51301,Douglas Tait
1547021,Vanessa Eichholz
1180134,Mario de la Rosa
67247,Atanas Srebrev
1115,Stephen Graham
113523,Laila Morse
58776,Nitin Ganatra
1345950,Mark Stanley
83137,Rick Warden
122354,Markos Rounthwaite
2287315,Ilko Iliev
2292683,Nadya Keranova
6384,Keanu Reeves
4587,Halle Berry
6972,Ian McShane
2975,Laurence Fishburne
5657,Anjelica Huston
5419,Saïd Taghmaoui
18702,Mark Dacascos
129101,Lance Reddick
195930,Jerome Flynn
1776040,Asia Kate Dillon
111683,Jason Mantzoukas
2057864,Boban Marjanović
59262,Robin Lord Taylor
1379749,Cecep Arif Rahman
142019,Yayan Ruhian
2220178,Arjon Bashiri
1653352,Faith Logan
1913,Susan Blommaert
9462,Randall Duk Kim
1447869,Margaret Daly
2311142,Unity Phelan
1461347,Andrea Sooch
2311144,Sergio Delavicci
1934389,Tiler Peck
579330,Tiger Hu Chen
76512,Jason Clarke
139150,Amy Seimetz
12074,John Lithgow
1853972,Jeté Laurence
2143771,Lucas Lavoie
2143772,Hugo Lavoie
2143870,Obssa Ahmed
2143871,Alyssa Brooke Levine
1747113,Naomi Frenette
188983,Maria Herrera
135993,Frank Schorpion
1473995,Darren Wang
1574909,Jelly Lin
2238409,Li-Tung Chang
1675023,Chen Kenji
1794457,Alina Cheng
1529401,Cecilia Choi
54615,Christy Chung
2257563,Keelong Hsu
5530,James McAvoy
62,Bruce Willis
2231,Samuel L. Jackson
1397778,Anya Taylor-Joy
34490,Sarah Paulson
4012,Spencer Treat Clark
33689,Charlayne Woodard
7002,Luke Kirby
1216908,Adam David Thompson
11614,M. Night Shyamalan
2218722,Shannon Destiny Ryan
2048372,Diana Silvers
2089211,Nina Wisner
2089210,Kyli Zion
1996069,Serge Didenko
1599705,Russell Posner
1530423,Kimberly S. Fairbanks
130843,Rosemary Howard
2279903,Bryan McElroy
2279904,Owen Vitullo
2279905,William Turner
1882245,Johnny Hiram Jamison
21474,Leslie Stefanson
1882258,Marc H. Glick
91069,Brick Mason
102996,Bostin Christopher
1739972,Ukee Washington
2279906,Colin Becker
127070,Brian Anthony Wilson
187919,Tobias Segal
2279908,Joseph Thuet
2279909,Tatiana St. Phard
1003288,Tom DiNardo
1722825,Timothy Chivalette
73298,Jack McCafferty
2279912,Darby Schlosser
2279914,Jordan Coker
2292112,Emma Hong
2279915,Xaiver Gerald
1789650,Tim Duquette
2279916,Nathan Nauroth
2279917,Ana Leonard
118941,Jennifer Butler
1569743,Vincent Riviezzo
1890563,Jessica Heller
207389,Rob Yang
209426,Jane Park Smith
159870,Brian Donahue
1826045,Aurora Karine
1609946,Andrew Hunsicker
169620,Marisa Brown
2089213,Matt Jacobs
1385066,Jon Douglas Rainey
42239,Shayna Ryan
1935642,Ursula Triplett
2089212,Sarah Grgic
1935643,Lory Molino
3223,Robert Downey Jr.
16828,Chris Evans
74568,Chris Hemsworth
103,Mark Ruffalo
1245,Scarlett Johansson
17604,Jeremy Renner
91606,Tom Hiddleston
2231,Samuel L. Jackson
71189,Cobie Smulders
9048,Clark Gregg
1640,Stellan Skarsgård
12052,Gwyneth Paltrow
6162,Paul Bettany
1214673,Alexis Denisof
60120,Tina Benko
43553,Jerzy Skolimowski
1479945,Kirill Nikiforov
51303,Jeff Wolfe
1479946,M'laah Kaur Singh
86157,Rashmi Rustagi
6280,Powers Boothe
14464,Jenny Agutter
188758,Arthur Darbinyan
168246,Donald Li
60878,Warren Kole
81959,Alicia Sixtos
1018947,Maximiliano Hernández
1033652,Dieter Riesle
87128,Kenneth Tigar
101522,Walter Perez
5048,Harry Dean Stanton
1479957,Josh Cowdery
34486,Ashley Johnson
1479959,Katsumi Komatsu
1479961,Yumiko Komatsu
2256,Robert Clohessy
1224022,Enver Gjokaj
1479967,Fernanda Toker
1480042,Andrea Vecchio
1480043,Robin Swoboda
1480044,Brent McGee
79079,Jamie McShane
1203089,Michael Zhang
98626,William-Christopher Stephens
1480045,Kelley Robins Hicks
156342,Romy Rosemont
19151,James Eckhouse
7624,Stan Lee
1234512,Thomas Roberts
1480047,Pat Kiernan
150194,Damion Poitier
19137,Lou Ferrigno
66525,Jesse Garcia
1479962,Momoko Komatsu
1263294,Jillian Morgese
1480048,Catherine Anderson
1153698,Ricardo Andres
1480049,Logan Bennett
1191953,Mayank Bhatter
1480051,Sharita Bone
1480053,Jason Botsford
1480055,Mary Kate Campbell
1403346,Gene N. Chavez
1480056,Layla Cushman
1466605,Robert Dean
1480057,Rick Dremann
1480058,Jeffrey Feingold
1354406,Rod Fielder
1480060,Eric Frank
1480065,Israel Hall
1480066,Carmen Dee Harris
1480067,Alexander Christopher Jones
1480085,Mike Karban
1480087,Demoine Kinney
1480091,Andrew Knode
1480096,Annette Lawless
1480097,Kimberly J. Mahoney
1480124,Todd Manes
1480128,Jorge Mardel
1480130,Tiffany Sander McKenzie
1480132,Michael McMillan
1001496,Sean Meehan
1480144,Joti Nagra
1480146,Holly Neelie
1480148,Caleb Daniel Noal
1480150,Joseph O'Brien
1480152,Jeremy Orr
1480153,Nate Paige
1365516,Martin Palmer
1480198,Maria Perossa
1480199,Caleb Pieplow
1480200,Alexander Daniel Pimentel
1480202,Frank Powers
1371850,Jaime Powers
1480204,Brent Reichert
1480208,Kelly Ruble
1454362,Gina Sarno
1480209,Robert B. Schneider IV
1480210,Jeff Seich
1480211,Christina Shaffer
1480212,Alonda Shevette
1480213,Douglas Slygh
6037,Colin Strause
1480218,Robert P. Thitoff
1480219,George Thomas
1480220,Shane Thompson
1480221,Jerry Lee Tucker
1480222,Tai Urban
1480223,Chris Vaina
1480224,Sandra Weston
1480226,Seth Zielicke
1673576,Alex DeCourville
1343164,Andrea-Nichole Olivas
1376001,Tina Grimm
1962256,Evan Kole
1753914,Josephine Langford
1114487,Hero Fiennes Tiffin
11826,Selma Blair
3130,Jennifer Beals
8212,Peter Gallagher
1684130,Shane Paul McGhie
1224112,Samuel Larsen
1039523,Dylan Arnold
2094603,Pia Mia
1685330,Inanna Sarkis
2161745,Khadijha Red Thunder
207150,Jessica Barth
956385,Meadow Williams
1075049,Swen Temmel
2102723,Rebecca Lee Robertson
2094605,Anna Todd
29222,Zac Efron
112561,Lily Collins
115150,Kaya Scodelario
6949,John Malkovich
5374,Jim Parsons
85143,Angela Sarafyan
9640,Haley Joel Osment
1342463,Grace Victoria Cox
2034280,Forba Shepherd
1902692,Grace Balbo
2034276,Morgan Pyle
2304785,Ava Inman
2304784,Macie Carmosino
1560360,Sydney Vollmer
1545508,Ken Strunk
69237,Joe Berlinger
64227,Brandon Trost
2304795,Jared Joplin
2304796,Justin McCombs
2304797,Tim Young
52886,Jeffrey Donovan
19152,Dylan Baker
49271,Brian Geraghty
11067,Terry Kinney
57637,James Hetfield
2304798,Torrie Wiggins
115804,Kevin McClatchy
2030356,Rajiim A. Gross
2034312,Calvin David Jones III
2094326,Aaron Cool
1738398,Leilani Barrett
2304799,Ally Sereda
2304786,Richard K. Jones
2304787,Justin Inman
1865496,Alan B. Jones
2304790,Maya Berlinger
2304792,Derek Snow
1545515,Ryan Wesley Gilreath
1109619,Chris Petty
172069,Chadwick Boseman
135651,Michael B. Jordan
1267329,Lupita Nyong'o
82104,Danai Gurira
7060,Martin Freeman
206919,Daniel Kaluuya
1083010,Letitia Wright
1447932,Winston Duke
1225953,Sterling K. Brown
9780,Angela Bassett
2178,Forest Whitaker
1333,Andy Serkis
139900,Florence Kasumba
51878,John Kani
71078,David S. Lee
1856116,Nabiyah Be
4812,Isaach De Bankolé
1181397,Connie Chiume
1979169,Dorothy  Steel
165424,Danny Sapani
1104414,Sydelle Noel
1979170,Marija Abney
1979176,Zola Williams
1580160,Janeshia Adams-Ginyard
1979172,Maria Hippolyte
1979183,Marie Mouroum
1903679,Jénel Stevens
1431508,Sope Aluko
7624,Stan Lee
1222428,Atandwa Kani
1734933,Ashton Tyler
77278,Denzel Whitaker
1787399,Shaunette Renée Wilson
1979177,Christine Hollingsworth
1821546,Lucy Hockings
965219,Bambadjan Bamba
1787404,Roland Kilumbu
171733,Francesca Faridany
1301772,Mark Ashworth
1609481,Seth Carr
1456750,Jeremy Sample
58930,Alexis Rhee
1688889,Alex Hibbert
131133,Trevor Noah
60898,Sebastian Stan
1767219,Tahseen Ghauri
1787407,Danny Chung
973644,Shad Gaspard
1771603,William Cowboy Reed
1787401,Michael David Yuhl
1773399,Elizabeth Elkins
1787400,Raven Wynn
1787402,Amechi Okocha
1460999,Tony Sears
1787405,Timothy Carr
1787406,Apollo GT
1787408,James Siderits
1367313,Travis Love
1734929,Lidya Jewett
1795537,Alona Leoine
1856121,Kinley Fleurejuste
1856126,Ofu Obekpa
1856124,Michael R. Ciminna
1856128,John Y Lee
1856131,Byron Coolie
1856132,William Walker
1754081,Joseph Akharoh Jr.
1856133,Stanley Aughtry
1856135,Raenen Golez
1856136,Leo De Rivera
1856138,Tevin Beech
1856137,Tari Omoro
1856139,Andrea Antonio Canal
1826048,David Dunston
1842715,Emelita T. Gonzalez
1856140,Josue Louis-Charles
1842230,Isaac Phillips
1787403,Jamel Chambers
2123041,Michael Christopher Rodney
221581,Rebel Wilson
1813,Anne Hathaway
136127,Alex Sharp
222051,Ingrid Oliver
1232063,Emma Davies
14329,Dean Norris
1181329,Timothy Simons
1777483,Deepak Anand
1668231,Meena Rayann
94137,Raffaello Degruttola
1840374,Deano Bugatti
1625156,Douggie McMeekin
1971914,Joe Manjón
1326945,Kumud Pant
1561309,Francisco Labbe
1743566,Alphonso Austin
1793925,William Brand
1434114,Bruno Sevilla
1091324,Rob Delaney
1278487,Hannah Waddingham
1214511,Jocelyn Jee Esien
78334,Rebekah Staton
42095,Casper Christensen
118617,Nicholas Woodeson
1525323,John Hales
1831379,Martin Bishop
1971913,Sarah-Stephanie
74568,Chris Hemsworth
91606,Tom Hiddleston
112,Cate Blanchett
17605,Idris Elba
4785,Jeff Goldblum
62561,Tessa Thompson
1372,Karl Urban
103,Mark Ruffalo
4173,Anthony Hopkins
71580,Benedict Cumberbatch
55934,Taika Waititi
15298,Rachel House
6574,Clancy Brown
13275,Tadanobu Asano
56614,Ray Stevenson
69899,Zachary Levi
7624,Stan Lee
1909074,Georgia Blizzard
1909075,Amali Golden
216986,Luke Hemsworth
4783,Sam Neill
1892,Matt Damon
1434826,Charlotte Nicdao
1245,Scarlett Johansson
1909076,Ashley Ricardo
1687354,Shalom Brune-Franklin
1909077,Taylor Hemsworth
939388,Cohen Holloway
1535059,Alia Seror-O'Neill
1909079,Sophia Laryea
1546971,Steven Oliver
1570328,Hamish Parkinson
187016,Jasper Bagg
1909080,Sky Castanho
1058106,Shari Sebbens
1909081,Richard Green
1909082,Sol Castanho
1527566,Jet Tranter
1909083,Samantha Hopper
1674205,Eloise Winestock
110909,Rob Mayes
1768699,Tahlia Jade
1690239,Winnie Mzembe
1328711,Sean Edward Frazer
1394464,Connor Zegenhagen
1814638,Tracie Filmer
230621,Tracey Lee Maxwell
1814641,Beatrice Ward
1813771,Donnie Baxter
1795311,Greta Carew-Johns
70890,Adam Green
1813770,Mollie McGregor
1571654,Sophia McGregor
